Provincia,Vendedor
Lleida,Carmen
Lleida,Jesús
Lleida,Joaquín
Lleida,Pedro
Lleida,Carmen
Lleida,Joaquín
Lleida,María
Lleida,María
Lleida,Carmen
Lleida,Jesús
Lleida,María
Lleida,Pedro
Lleida,María
Lleida,María
Lleida,Carmen
Lleida,Pedro
Lleida,Pedro
Lleida,Pedro
Lleida,Carmen
Lleida,Carmen
Lleida,Jesús
Lleida,Joaquín
Lleida,Luisa
Lleida,Jesús
Lleida,Luisa
Lleida,María
Lleida,Pedro
Lleida,Luisa
Lleida,Pedro
Lleida,Jesús
Lleida,Joaquín
Lleida,Joaquín
Lleida,Joaquín
Lleida,Jesús
Lleida,Carmen
Lleida,Pedro
Lleida,María
Lleida,Joaquín
Lleida,Luisa
Lleida,Pedro
Lleida,María
Lleida,Carmen
Lleida,Pedro
Lleida,Luisa
Lleida,Jesús
Lleida,Luisa
Lleida,Pedro
Lleida,Pedro
Lleida,Carmen
Lleida,Luisa
Lleida,Pedro
Lleida,Pedro
Lleida,María
Lleida,Carmen
Lleida,Joaquín
Lleida,María
Lleida,Jesús
Lleida,Carmen
Lleida,Joaquín
Lleida,Jesús
Lleida,Luisa
Lleida,Pedro
Lleida,Jesús
Lleida,Carmen
Lleida,Luisa
Lleida,Pedro
Lleida,Carmen
Lleida,Jesús
Lleida,María
Lleida,Joaquín
Lleida,Jesús
Lleida,Pedro
Lleida,Luisa
Lleida,Jesús
Lleida,Luisa
Lleida,Luisa
Lleida,Luisa
Lleida,Jesús
Lleida,Jesús
Lleida,Luisa
Lleida,Jesús
Lleida,Carmen
Lleida,Luisa
Lleida,Joaquín
Lleida,Jesús
Lleida,María
Lleida,Carmen
Lleida,Luisa
Lleida,Luisa
Lleida,Carmen
Lleida,Carmen
Lleida,Jesús
Lleida,Carmen
Lleida,Joaquín
Lleida,Pedro
Lleida,Luisa
Lleida,Pedro
Lleida,María
Lleida,Luisa
Lleida,María
Lleida,Pedro
Lleida,Pedro
Lleida,Carmen
Lleida,Carmen
Lleida,Jesús
Lleida,Luisa
Lleida,Luisa
Lleida,Carmen
Lleida,Carmen
Lleida,Carmen
Lleida,Jesús
Lleida,María
Lleida,Jesús
Lleida,Pedro
Lleida,Pedro
Lleida,Jesús
Lleida,María
Lleida,Jesús
Lleida,María
Lleida,Carmen
Lleida,Pedro
Lleida,Joaquín
Lleida,Carmen
Lleida,María
Lleida,Carmen
Lleida,Carmen
Lleida,Jesús
Lleida,María
Lleida,Luisa
Lleida,Carmen
Lleida,Jesús
Lleida,Jesús
Lleida,Luisa
Lleida,Pedro
Lleida,Carmen
Lleida,Jesús
Lleida,María
Lleida,Luisa
Lleida,María
Lleida,María
Lleida,Joaquín
Lleida,Luisa
Lleida,María
Lleida,María
Lleida,Carmen
Lleida,Pedro
Lleida,María
Lleida,Carmen
Lleida,Pedro
Lleida,María
Lleida,Carmen
Lleida,Joaquín
Lleida,Pedro
Lleida,Carmen
Lleida,Luisa
Lleida,Luisa
Lleida,Joaquín
Lleida,Jesús
Lleida,Luisa
Lleida,Luisa
Lleida,María
Lleida,María
Lleida,Pedro
Lleida,María
Lleida,María
Lleida,Pedro
Lleida,Jesús
Lleida,Pedro
Lleida,María
Lleida,Joaquín
Lleida,Luisa
Lleida,María
Lleida,Pedro
Lleida,Pedro
Lleida,Luisa
Lleida,Carmen
Lleida,Joaquín
Lleida,Carmen
Lleida,Joaquín
Lleida,Luisa
Lleida,Jesús
Lleida,María
Lleida,Carmen
Lleida,María
Lleida,Carmen
Lleida,Carmen
Lleida,Joaquín
Lleida,Jesús
Lleida,Pedro
Lleida,Carmen
Lleida,Joaquín
Lleida,Carmen
Lleida,Luisa
Lleida,Jesús
Lleida,Carmen
Lleida,Luisa
Lleida,Carmen
Lleida,Pedro
Lleida,Joaquín
Lleida,Carmen
Lleida,Jesús
Lleida,María
Lleida,Pedro
Lleida,Jesús
Lleida,Carmen
Lleida,Pedro
Lleida,Pedro
Lleida,María
Lleida,Carmen
Lleida,María
Lleida,Joaquín
Lleida,Joaquín
Lleida,Carmen
Lleida,Joaquín
Lleida,Pedro
Lleida,Carmen
Lleida,María
Lleida,Pedro
Lleida,María
Lleida,Jesús
Lleida,Pedro
Lleida,María
Lleida,Jesús
Lleida,Jesús
Lleida,Pedro
Lleida,Jesús
Lleida,Joaquín
Lleida,Carmen
Lleida,Joaquín
Lleida,Luisa
Lleida,Jesús
Lleida,Pedro
Lleida,Carmen
Lleida,Jesús
Lleida,María
Lleida,Joaquín
Lleida,Joaquín
Lleida,Luisa
Lleida,Luisa
Lleida,Jesús
Lleida,Pedro
Lleida,Pedro
Lleida,Pedro
Lleida,Joaquín
Lleida,Pedro
Lleida,Pedro
Lleida,Joaquín
Lleida,Luisa
Lleida,Joaquín
Lleida,Carmen
Lleida,Joaquín
Lleida,María
Lleida,Luisa
Lleida,Pedro
Lleida,Pedro
Lleida,Pedro
Lleida,Jesús
Lleida,María
Lleida,Carmen
Lleida,Carmen
Lleida,Joaquín
Lleida,Pedro
Lleida,Jesús
Lleida,Carmen
Lleida,Carmen
Lleida,Jesús
Lleida,Jesús
Lleida,Luisa
Lleida,Joaquín
Lleida,Pedro
Lleida,Luisa
Lleida,Pedro
Lleida,María
Lleida,María
Lleida,Jesús
Lleida,Luisa
Lleida,Pedro
Lleida,Jesús
Lleida,Jesús
Lleida,Pedro
Lleida,Luisa
Lleida,María
Lleida,Carmen
Lleida,Jesús
Lleida,Joaquín
Lleida,Joaquín
Lleida,María
Lleida,Carmen
Lleida,Luisa
Lleida,Pedro
Lleida,Luisa
Lleida,María
Lleida,María
Lleida,Carmen
Lleida,Joaquín
Lleida,Luisa
Lleida,Pedro
Lleida,Carmen
Lleida,Joaquín
Lleida,Pedro
Lleida,Carmen
Lleida,Luisa
Lleida,María
Lleida,Luisa
Lleida,Joaquín
Lleida,Carmen
Lleida,Carmen
Lleida,Luisa
Lleida,Jesús
Lleida,Joaquín
Lleida,Luisa
Lleida,Joaquín
Lleida,Joaquín
Lleida,Luisa
Lleida,Pedro
Lleida,María
Lleida,Jesús
Lleida,María
Lleida,Carmen
Lleida,Carmen
Lleida,Jesús
Lleida,Luisa
Lleida,María
Lleida,Pedro
Lleida,María
Lleida,Pedro
Lleida,Jesús
Lleida,Carmen
Lleida,Joaquín
Lleida,María
Lleida,María
Lleida,Joaquín
Lleida,Luisa
Lleida,María
Lleida,Pedro
Lleida,Luisa
Lleida,Pedro
Lleida,Carmen
Lleida,Jesús
Lleida,Luisa
Lleida,Joaquín
Lleida,Jesús
Lleida,Carmen
Lleida,Carmen
Lleida,Luisa
Lleida,Luisa
Lleida,Carmen
Lleida,Carmen
Lleida,Carmen
Lleida,Pedro
Lleida,Joaquín
Lleida,Carmen
Lleida,Luisa
Lleida,Pedro
Lleida,Pedro
Lleida,Pedro
Lleida,Pedro
Lleida,Pedro
Lleida,María
Lleida,Joaquín
Lleida,Carmen
Lleida,Jesús
Lleida,Luisa
Lleida,Pedro
Lleida,Carmen
Lleida,Joaquín
Lleida,Luisa
Lleida,Jesús
Lleida,Carmen
Lleida,Pedro
Lleida,Pedro
Lleida,Pedro
Lleida,Carmen
Lleida,María
Lleida,Carmen
Lleida,Jesús
Lleida,Pedro
Lleida,Joaquín
Lleida,Pedro
Lleida,Carmen
Lleida,Joaquín
Lleida,Pedro
Lleida,Carmen
Lleida,Carmen
Lleida,Joaquín
Lleida,María
Lleida,María
Lleida,Jesús
Lleida,María
Lleida,Luisa
Lleida,Jesús
Lleida,María
Lleida,Pedro
Lleida,Jesús
Lleida,Jesús
Lleida,Pedro
Lleida,Carmen
Lleida,Carmen
Lleida,Pedro
Lleida,Joaquín
Lleida,Jesús
Lleida,Jesús
Lleida,Carmen
Lleida,Pedro
Lleida,María
Lleida,Carmen
Lleida,Pedro
Lleida,Jesús
Lleida,Pedro
Lleida,Pedro
Lleida,Pedro
Lleida,Carmen
Lleida,Carmen
Lleida,Jesús
Lleida,Luisa
Lleida,Joaquín
Lleida,Pedro
Lleida,Luisa
Lleida,Pedro
Lleida,Luisa
Lleida,Jesús
Lleida,Jesús
Lleida,Jesús
Lleida,Carmen
Lleida,Jesús
Lleida,María
Lleida,Pedro
Lleida,Carmen
Lleida,María
Lleida,María
Lleida,María
Lleida,María
Lleida,Jesús
Lleida,Carmen
Lleida,Carmen
Lleida,Joaquín
Lleida,María
Lleida,Luisa
Lleida,María
Lleida,María
Lleida,María
Lleida,Luisa
Lleida,Carmen
Lleida,María
Lleida,Joaquín
Lleida,María
Lleida,Pedro
Lleida,María
Lleida,Jesús
Lleida,Luisa
Lleida,Carmen
Lleida,María
Lleida,Joaquín
Lleida,Joaquín
Lleida,Pedro
Lleida,Pedro
Lleida,Jesús
Lleida,Carmen
Lleida,Luisa
Lleida,Luisa
Lleida,Carmen
Lleida,Pedro
Lleida,Pedro
Lleida,Jesús
Lleida,Luisa
Lleida,Luisa
Lleida,Joaquín
Lleida,Joaquín
Lleida,Jesús
Lleida,Jesús
Lleida,Jesús
Lleida,Joaquín
Lleida,Luisa
Lleida,Carmen
Lleida,Joaquín
Lleida,Jesús
Lleida,Luisa
Lleida,Jesús
Lleida,Carmen
Lleida,María
Lleida,Jesús
Lleida,Luisa
Lleida,Joaquín
Lleida,Pedro
Lleida,Jesús
Lleida,María
Lleida,Luisa
Lleida,Joaquín
Lleida,Luisa
Lleida,Luisa
Lleida,Jesús
Lleida,Luisa
Lleida,Pedro
Lleida,María
Lleida,Jesús
Lleida,Carmen
Lleida,Pedro
Lleida,Luisa
Lleida,Carmen
Lleida,Pedro
Lleida,Luisa
Lleida,María
Lleida,Pedro
Lleida,Joaquín
Lleida,Luisa
Lleida,Joaquín
Lleida,Luisa
Lleida,Joaquín
Lleida,Jesús
Lleida,Joaquín
Lleida,Pedro
Lleida,María
Lleida,Luisa
Lleida,Carmen
Lleida,Luisa
Lleida,Pedro
Lleida,Luisa
Lleida,Pedro
Lleida,María
Lleida,Jesús
Lleida,Pedro
Lleida,María
Lleida,Joaquín
Lleida,Luisa
Lleida,Joaquín
Lleida,Jesús
Lleida,Carmen
Lleida,Luisa
Lleida,Joaquín
Lleida,Joaquín
Lleida,Joaquín
Lleida,Joaquín
Lleida,Carmen
Lleida,María
Lleida,Luisa
Lleida,Luisa
Lleida,Luisa
Lleida,Carmen
Lleida,Joaquín
Lleida,Luisa
Lleida,Jesús
Lleida,Joaquín
Lleida,Joaquín
Lleida,Luisa
Lleida,Carmen
Lleida,María
Lleida,Carmen
Lleida,Luisa
Lleida,María
Lleida,Pedro
Lleida,Jesús
Lleida,Luisa
Lleida,Carmen
Lleida,Pedro
Lleida,Luisa
Lleida,Luisa
Lleida,María
Lleida,Luisa
Lleida,Joaquín
Lleida,Carmen
Lleida,Jesús
Lleida,Carmen
Lleida,Joaquín
Lleida,María
Lleida,Luisa
Lleida,María
Lleida,María
Lleida,Pedro
Lleida,Jesús
Lleida,Carmen
Lleida,María
Lleida,Carmen
Lleida,Jesús
Lleida,Luisa
Lleida,Joaquín
Lleida,
Lleida,María
Lleida,
Lleida,Pedro
Lleida,Jesús
Lleida,María
Lleida,María
Lleida,Joaquín
Lleida,Jesús
Lleida,Pedro
Lleida,Pedro
Lleida,Joaquín
Lleida,Pedro
Lleida,Carmen
Lleida,
Lleida,Joaquín
Lleida,Carmen
Lleida,
Lleida,Carmen
Lleida,Pedro
Lleida,Luisa
Lleida,Pedro
Lleida,María
Lleida,Joaquín
Lleida,Luisa
Lleida,Carmen
Lleida,Jesús
Lleida,María
Lleida,Jesús
Lleida,Joaquín
Lleida,Joaquín
Lleida,Jesús
Lleida,
Lleida,Pedro
Lleida,
Lleida,Joaquín
Lleida,
Lleida,Joaquín
Lleida,Joaquín
Lleida,
Lleida,Carmen
Lleida,
Lleida,
Lleida,
Lleida,
Lleida,
Lleida,
Lleida,
Lleida,
Lleida,
Lleida,
Lleida,
Lleida,Pedro
Lleida,
Lleida,Joaquín
Lleida,
Lleida,
Lleida,
Lleida,Carmen
Lleida,Joaquín
Lleida,
Lleida,
Lleida,
Lleida,Joaquín
Lleida,María
Lleida,
Lleida,Luisa
Lleida,Luisa
Lleida,Pedro
Lleida,
Lleida,Joaquín
Lleida,Pedro
Lleida,
Lleida,
Lleida,Luisa
Lleida,
Lleida,Carmen
Lleida,Luisa
Lleida,
Lleida,Luisa
Lleida,
Lleida,Jesús
Lleida,
Lleida,
Lleida,Jesús
Lleida,
Lleida,
Lleida,Joaquín
Lleida,Carmen
Lleida,
Lleida,Jesús
Lleida,Jesús
Lleida,Jesús
Lleida,
Lleida,
Lleida,
Lleida,
Lleida,Joaquín
Lleida,
Lleida,Jesús
Lleida,
Lleida,
Lleida,Luisa
Lleida,
Lleida,
Lleida,
Lleida,Jesús
Lleida,
Lleida,Joaquín
Lleida,Joaquín
Lleida,
Lleida,
Lleida,
Lleida,
Lleida,
Lleida,
Lleida,
Lleida,
Lleida,
Lleida,
Lleida,
Lleida,Pedro
Lleida,
Lleida,
Lleida,
Lleida,Joaquín
Lleida,
Lleida,Luisa
Lleida,
Lleida,
Lleida,
Lleida,
Lleida,
Lleida,Pedro
Lleida,
Lleida,
Lleida,
Lleida,
Lleida,
Lleida,Pedro
Lleida,
Lleida,
Lleida,
Lleida,Carmen
Lleida,
Lleida,
Lleida,
Lleida,
Lleida,
Lleida,
Lleida,
Lleida,
Lleida,
Lleida,
Lleida,
Lleida,
Lleida,
Lleida,
Lleida,
Lleida,
Lleida,
Lleida,
Lleida,
Lleida,
Lleida,
Lleida,
Lleida,
Lleida,
Lleida,
Lleida,
Lleida,
Lleida,
Lleida,
Lleida,
Lleida,
Lleida,
Lleida,
Lleida,
Lleida,
Lleida,
Lleida,
Lleida,
Lleida,
Lleida,
Lleida,
Lleida,
Lleida,
Lleida,
Lleida,
Lleida,
Lleida,
Lleida,
Lleida,
Lleida,
Lleida,
Lleida,
Lleida,
Lleida,
Lleida,
Lleida,
Lleida,
Lleida,
Lleida,
Lleida,
Lleida,
Lleida,
Lleida,
Lleida,
Girona,Pedro
Girona,Joaquín
Girona,Jesús
Girona,Pedro
Girona,Jesús
Girona,Pedro
Girona,Carmen
Girona,Pedro
Girona,Carmen
Girona,Luisa
Girona,Luisa
Girona,María
Girona,Pedro
Girona,Jesús
Girona,María
Girona,María
Girona,Jesús
Girona,Carmen
Girona,María
Girona,María
Girona,Carmen
Girona,Joaquín
Girona,Pedro
Girona,Jesús
Girona,Pedro
Girona,María
Girona,María
Girona,María
Girona,Luisa
Girona,Jesús
Girona,Joaquín
Girona,Jesús
Girona,Joaquín
Girona,Luisa
Girona,Pedro
Girona,Carmen
Girona,Luisa
Girona,Pedro
Girona,Luisa
Girona,Pedro
Girona,Pedro
Girona,Carmen
Girona,Luisa
Girona,Joaquín
Girona,Joaquín
Girona,Carmen
Girona,Jesús
Girona,Jesús
Girona,Pedro
Girona,Pedro
Girona,Carmen
Girona,Pedro
Girona,Pedro
Girona,María
Girona,Luisa
Girona,Luisa
Girona,Carmen
Girona,Pedro
Girona,Luisa
Girona,María
Girona,Luisa
Girona,Jesús
Girona,Joaquín
Girona,Carmen
Girona,Carmen
Girona,Jesús
Girona,Pedro
Girona,Pedro
Girona,Carmen
Girona,Carmen
Girona,María
Girona,Pedro
Girona,Pedro
Girona,Carmen
Girona,María
Girona,Carmen
Girona,Jesús
Girona,Luisa
Girona,Jesús
Girona,Luisa
Girona,Carmen
Girona,Luisa
Girona,Pedro
Girona,Joaquín
Girona,Pedro
Girona,Carmen
Girona,Joaquín
Girona,Luisa
Girona,María
Girona,Pedro
Girona,Joaquín
Girona,Pedro
Girona,Luisa
Girona,Pedro
Girona,Joaquín
Girona,Joaquín
Girona,María
Girona,Pedro
Girona,Carmen
Girona,Pedro
Girona,Carmen
Girona,Carmen
Girona,María
Girona,Jesús
Girona,Joaquín
Girona,Pedro
Girona,Jesús
Girona,Carmen
Girona,Pedro
Girona,Carmen
Girona,Luisa
Girona,Jesús
Girona,Luisa
Girona,Luisa
Girona,María
Girona,Joaquín
Girona,Luisa
Girona,María
Girona,Jesús
Girona,Luisa
Girona,Luisa
Girona,Jesús
Girona,Jesús
Girona,Pedro
Girona,Pedro
Girona,Jesús
Girona,María
Girona,María
Girona,Pedro
Girona,Luisa
Girona,Pedro
Girona,Jesús
Girona,Luisa
Girona,Luisa
Girona,Luisa
Girona,Luisa
Girona,Pedro
Girona,Pedro
Girona,Luisa
Girona,Carmen
Girona,María
Girona,Luisa
Girona,Joaquín
Girona,Luisa
Girona,María
Girona,Jesús
Girona,Jesús
Girona,Carmen
Girona,Pedro
Girona,Luisa
Girona,Joaquín
Girona,Luisa
Girona,Joaquín
Girona,María
Girona,Joaquín
Girona,Luisa
Girona,Luisa
Girona,Joaquín
Girona,Luisa
Girona,Pedro
Girona,Luisa
Girona,Joaquín
Girona,Joaquín
Girona,Carmen
Girona,Jesús
Girona,María
Girona,Pedro
Girona,Luisa
Girona,Jesús
Girona,Carmen
Girona,María
Girona,Luisa
Girona,Pedro
Girona,Jesús
Girona,María
Girona,Luisa
Girona,Luisa
Girona,María
Girona,Joaquín
Girona,Luisa
Girona,Pedro
Girona,Pedro
Girona,Carmen
Girona,Carmen
Girona,María
Girona,Joaquín
Girona,Carmen
Girona,Luisa
Girona,Luisa
Girona,Joaquín
Girona,Carmen
Girona,Joaquín
Girona,Carmen
Girona,María
Girona,Carmen
Girona,María
Girona,María
Girona,Luisa
Girona,Joaquín
Girona,Jesús
Girona,María
Girona,Carmen
Girona,Luisa
Girona,Carmen
Girona,Joaquín
Girona,Pedro
Girona,Carmen
Girona,Jesús
Girona,Carmen
Girona,Luisa
Girona,María
Girona,Joaquín
Girona,Carmen
Girona,Jesús
Girona,Jesús
Girona,Jesús
Girona,Luisa
Girona,Joaquín
Girona,Pedro
Girona,María
Girona,Jesús
Girona,Jesús
Girona,Carmen
Girona,Joaquín
Girona,Joaquín
Girona,Carmen
Girona,Luisa
Girona,Pedro
Girona,Carmen
Girona,Luisa
Girona,Luisa
Girona,Carmen
Girona,María
Girona,Pedro
Girona,Luisa
Girona,Joaquín
Girona,María
Girona,Jesús
Girona,Pedro
Girona,María
Girona,Carmen
Girona,Joaquín
Girona,Pedro
Girona,Pedro
Girona,Joaquín
Girona,Pedro
Girona,Pedro
Girona,Jesús
Girona,Luisa
Girona,Jesús
Girona,María
Girona,María
Girona,Pedro
Girona,Carmen
Girona,Pedro
Girona,Pedro
Girona,Pedro
Girona,Carmen
Girona,María
Girona,Joaquín
Girona,Carmen
Girona,Luisa
Girona,Joaquín
Girona,Carmen
Girona,Luisa
Girona,Joaquín
Girona,Pedro
Girona,María
Girona,Joaquín
Girona,Carmen
Girona,Pedro
Girona,Luisa
Girona,Pedro
Girona,Luisa
Girona,Luisa
Girona,Carmen
Girona,Joaquín
Girona,Pedro
Girona,Joaquín
Girona,Luisa
Girona,Carmen
Girona,Joaquín
Girona,Luisa
Girona,María
Girona,María
Girona,Carmen
Girona,Jesús
Girona,Carmen
Girona,Pedro
Girona,Carmen
Girona,Carmen
Girona,Luisa
Girona,Joaquín
Girona,Carmen
Girona,Pedro
Girona,Luisa
Girona,Carmen
Girona,Luisa
Girona,Luisa
Girona,Joaquín
Girona,Pedro
Girona,Joaquín
Girona,Jesús
Girona,Pedro
Girona,Pedro
Girona,Pedro
Girona,María
Girona,Pedro
Girona,Luisa
Girona,María
Girona,Carmen
Girona,María
Girona,Luisa
Girona,María
Girona,Pedro
Girona,Carmen
Girona,Jesús
Girona,Pedro
Girona,Joaquín
Girona,Joaquín
Girona,Carmen
Girona,María
Girona,Carmen
Girona,María
Girona,Jesús
Girona,María
Girona,Carmen
Girona,Luisa
Girona,Pedro
Girona,Carmen
Girona,María
Girona,Luisa
Girona,Carmen
Girona,María
Girona,Pedro
Girona,Joaquín
Girona,Joaquín
Girona,Pedro
Girona,Jesús
Girona,Jesús
Girona,Pedro
Girona,Luisa
Girona,Luisa
Girona,Jesús
Girona,Pedro
Girona,Luisa
Girona,Pedro
Girona,Pedro
Girona,Jesús
Girona,María
Girona,Pedro
Girona,Pedro
Girona,Carmen
Girona,María
Girona,Carmen
Girona,Luisa
Girona,Pedro
Girona,Jesús
Girona,Joaquín
Girona,María
Girona,María
Girona,Jesús
Girona,Jesús
Girona,Luisa
Girona,Joaquín
Girona,María
Girona,Carmen
Girona,Carmen
Girona,Carmen
Girona,María
Girona,María
Girona,Joaquín
Girona,Jesús
Girona,Pedro
Girona,Carmen
Girona,Joaquín
Girona,Luisa
Girona,Luisa
Girona,Joaquín
Girona,Pedro
Girona,Pedro
Girona,Joaquín
Girona,Carmen
Girona,Jesús
Girona,Luisa
Girona,María
Girona,Carmen
Girona,Carmen
Girona,Carmen
Girona,María
Girona,Carmen
Girona,Joaquín
Girona,Jesús
Girona,María
Girona,Pedro
Girona,María
Girona,María
Girona,Joaquín
Girona,Carmen
Girona,Luisa
Girona,María
Girona,María
Girona,Luisa
Girona,Jesús
Girona,Jesús
Girona,Pedro
Girona,Luisa
Girona,Jesús
Girona,Carmen
Girona,Joaquín
Girona,Luisa
Girona,Luisa
Girona,Joaquín
Girona,Jesús
Girona,Carmen
Girona,Luisa
Girona,Pedro
Girona,Jesús
Girona,Carmen
Girona,Joaquín
Girona,Pedro
Girona,Carmen
Girona,Jesús
Girona,María
Girona,Jesús
Girona,María
Girona,Carmen
Girona,Luisa
Girona,Joaquín
Girona,Carmen
Girona,Pedro
Girona,Luisa
Girona,Carmen
Girona,Luisa
Girona,Jesús
Girona,Joaquín
Girona,María
Girona,María
Girona,Jesús
Girona,Carmen
Girona,María
Girona,Carmen
Girona,Carmen
Girona,Jesús
Girona,Jesús
Girona,María
Girona,María
Girona,María
Girona,Pedro
Girona,Jesús
Girona,Joaquín
Girona,Jesús
Girona,Luisa
Girona,Jesús
Girona,Luisa
Girona,María
Girona,Pedro
Girona,Luisa
Girona,María
Girona,Luisa
Girona,María
Girona,Luisa
Girona,Carmen
Girona,Luisa
Girona,Jesús
Girona,María
Girona,María
Girona,María
Girona,Luisa
Girona,Luisa
Girona,Carmen
Girona,María
Girona,Pedro
Girona,Joaquín
Girona,Joaquín
Girona,Jesús
Girona,María
Girona,Pedro
Girona,Luisa
Girona,Jesús
Girona,Pedro
Girona,Pedro
Girona,María
Girona,Joaquín
Girona,Luisa
Girona,Joaquín
Girona,María
Girona,Luisa
Girona,Carmen
Girona,María
Girona,Jesús
Girona,Jesús
Girona,Joaquín
Girona,Luisa
Girona,Jesús
Girona,Joaquín
Girona,María
Girona,Jesús
Girona,Carmen
Girona,Luisa
Girona,Pedro
Girona,María
Girona,Luisa
Girona,Carmen
Girona,Pedro
Girona,Pedro
Girona,Jesús
Girona,Jesús
Girona,Jesús
Girona,Pedro
Girona,María
Girona,Joaquín
Girona,María
Girona,Luisa
Girona,Joaquín
Girona,Jesús
Girona,María
Girona,Jesús
Girona,Luisa
Girona,Jesús
Girona,Carmen
Girona,María
Girona,Jesús
Girona,Luisa
Girona,Joaquín
Girona,Carmen
Girona,María
Girona,María
Girona,Luisa
Girona,María
Girona,Luisa
Girona,Jesús
Girona,María
Girona,Jesús
Girona,Carmen
Girona,María
Girona,María
Girona,Luisa
Girona,María
Girona,María
Girona,María
Girona,Pedro
Girona,Pedro
Girona,Pedro
Girona,Luisa
Girona,Pedro
Girona,Carmen
Girona,Pedro
Girona,Pedro
Girona,Carmen
Girona,Carmen
Girona,Luisa
Girona,Pedro
Girona,María
Girona,Luisa
Girona,Pedro
Girona,Pedro
Girona,María
Girona,Pedro
Girona,Luisa
Girona,Carmen
Girona,Carmen
Girona,Jesús
Girona,María
Girona,María
Girona,Luisa
Girona,Pedro
Girona,María
Girona,Luisa
Girona,Pedro
Girona,Jesús
Girona,Joaquín
Girona,Joaquín
Girona,Luisa
Girona,María
Girona,Pedro
Girona,Jesús
Girona,Carmen
Girona,Luisa
Girona,Carmen
Girona,Jesús
Girona,Jesús
Girona,Carmen
Girona,Pedro
Girona,María
Girona,María
Girona,Joaquín
Girona,Joaquín
Girona,Jesús
Girona,Pedro
Girona,Joaquín
Girona,Pedro
Girona,Jesús
Girona,Joaquín
Girona,Carmen
Girona,Joaquín
Girona,Luisa
Girona,Luisa
Girona,Jesús
Girona,Carmen
Girona,Luisa
Girona,Carmen
Girona,María
Girona,Jesús
Girona,María
Girona,Carmen
Girona,Carmen
Girona,María
Girona,María
Girona,María
Girona,Pedro
Girona,María
Girona,Carmen
Girona,Pedro
Girona,Luisa
Girona,Luisa
Girona,Carmen
Girona,María
Girona,Luisa
Girona,Joaquín
Girona,María
Girona,Jesús
Girona,María
Girona,María
Girona,Carmen
Girona,Jesús
Girona,
Girona,Pedro
Girona,Carmen
Girona,
Girona,Luisa
Girona,
Girona,Luisa
Girona,Pedro
Girona,Carmen
Girona,Carmen
Girona,Luisa
Girona,María
Girona,Pedro
Girona,
Girona,Joaquín
Girona,Pedro
Girona,Joaquín
Girona,Joaquín
Girona,Jesús
Girona,
Girona,Jesús
Girona,Pedro
Girona,María
Girona,
Girona,Jesús
Girona,Jesús
Girona,Jesús
Girona,Jesús
Girona,
Girona,Jesús
Girona,Carmen
Girona,
Girona,Joaquín
Girona,
Girona,María
Girona,Jesús
Girona,Luisa
Girona,Luisa
Girona,Luisa
Girona,
Girona,María
Girona,
Girona,Jesús
Girona,Carmen
Girona,Luisa
Girona,Pedro
Girona,María
Girona,María
Girona,Carmen
Girona,
Girona,Joaquín
Girona,Jesús
Girona,Joaquín
Girona,Luisa
Girona,
Girona,Joaquín
Girona,
Girona,María
Girona,María
Girona,Luisa
Girona,
Girona,Carmen
Girona,Jesús
Girona,Pedro
Girona,
Girona,Carmen
Girona,
Girona,Luisa
Girona,Carmen
Girona,
Girona,María
Girona,Pedro
Girona,
Girona,María
Girona,Joaquín
Girona,Pedro
Girona,
Girona,María
Girona,
Girona,
Girona,Luisa
Girona,
Girona,Carmen
Girona,Carmen
Girona,Pedro
Girona,
Girona,María
Girona,
Girona,
Girona,Joaquín
Girona,María
Girona,Luisa
Girona,María
Girona,Carmen
Girona,María
Girona,
Girona,Luisa
Girona,
Girona,Carmen
Girona,María
Girona,
Girona,
Girona,Luisa
Girona,Jesús
Girona,
Girona,
Girona,
Girona,Joaquín
Girona,
Girona,María
Girona,Pedro
Girona,Carmen
Girona,Pedro
Girona,
Girona,
Girona,
Girona,
Girona,Pedro
Girona,Pedro
Girona,
Girona,
Girona,
Girona,Carmen
Girona,
Girona,Pedro
Girona,María
Girona,Carmen
Girona,
Girona,Joaquín
Girona,
Girona,Pedro
Girona,
Girona,
Girona,
Girona,
Girona,
Girona,Joaquín
Girona,
Girona,
Girona,Joaquín
Girona,
Girona,
Girona,María
Girona,
Girona,
Girona,Joaquín
Girona,
Girona,
Girona,
Girona,
Girona,
Girona,Jesús
Girona,
Girona,
Girona,
Girona,
Girona,
Girona,
Girona,
Girona,
Girona,
Girona,
Girona,
Girona,
Girona,
Girona,
Girona,
Girona,
Girona,
Girona,
Girona,
Girona,
Girona,
Girona,
Girona,
Girona,
Girona,
Girona,
Girona,
Girona,
Girona,
Girona,
Girona,
Girona,
Girona,
Girona,
Girona,
Girona,
Girona,
Girona,
Girona,
Girona,
Girona,
Girona,
Girona,
Girona,
Girona,
Girona,
Girona,
Girona,
Girona,
Girona,
Girona,
Girona,
Girona,
Girona,
Girona,
Girona,
Girona,
Girona,
Girona,
Girona,
Girona,
Girona,
Girona,
Girona,
Girona,
Girona,
Girona,
Girona,
Girona,
Girona,
Girona,
Girona,
Girona,
Girona,
Girona,
Girona,
Girona,
Girona,
Girona,
Girona,
Girona,
Girona,
Girona,
Girona,
